Bus Name,Bus Region,Bus Type,Demand Trace Weightage (%),Power Factor,Prosumer Demand (%),Rooftop PV Capacity (MW),Feedin Price Ratio,Maximum Battery Capacity (MWh),Minimum Battery Capacity (MWh),Maximum Charge Rate (MW/h),Maximum Discharge Rate (MW/h),Battery Efficiency (%),Base_kV,Node Zone,Demand Trace Weightage,Demand Trace Name,Wind Trace Name,PV Trace Name,CST Trace Name,Rooftop PV Trace
N_4306,QLD,0,1.908686932,0.9,0,0,0,0,0,0,0,0,275,SEQ,#REF!,QLD,SEQ,SEQ,SEQ,SEQ
N_4303,QLD,0,11.64193576,0.9,0,0,0,0,0,0,0,0,275,SEQ,#REF!,QLD,SEQ,SEQ,SEQ,SEQ
N_4307,QLD,0,0.959616082,0.9,0,0,0,0,0,0,0,0,275,SEQ,#REF!,QLD,SEQ,SEQ,SEQ,SEQ
N_4308,QLD,0,0,0.9,0,0,0,0,0,0,0,0,275,SEQ,#REF!,QLD,SEQ,SEQ,SEQ,SEQ
N_4370,QLD,0,2.109046333,0.9,0,0,0,0,0,0,0,0,275,CQ,#REF!,QLD,CQ,CQ,CQ,CQ
N_4232,QLD,0,0,0.9,0,0,0,0,0,0,0,0,330,SWQ,#REF!,QLD,SWQ,SWQ,SWQ,SWQ
N_4332,QLD,0,0,0.9,0,0,0,0,0,0,0,0,275,SWQ,#REF!,QLD,SWQ,SWQ,SWQ,SWQ
N_4372,QLD,0,0,0.9,0,0,0,0,0,0,0,0,275,NQ,#REF!,QLD,NQ,NQ,NQ,NQ
N_4220,QLD,0,0,0.9,0,0,0,0,0,0,0,0,330,SWQ,#REF!,QLD,SWQ,SWQ,SWQ,SWQ
N_4350,QLD,0,0,0.9,0,0,0,0,0,0,0,0,275,CQ,#REF!,QLD,CQ,CQ,CQ,CQ
N_4376,QLD,0,0.906889923,0.9,0,0,0,0,0,0,0,0,275,NQ,#REF!,QLD,NQ,NQ,NQ,NQ
N_4339,QLD,0,1.613420445,0.9,0,0,0,0,0,0,0,0,275,SEQ,#REF!,QLD,SEQ,SEQ,SEQ,SEQ
N_4352,QLD,0,1.20215641,0.9,0,0,0,0,0,0,0,0,275,CQ,#REF!,QLD,CQ,CQ,CQ,CQ
N_4310,QLD,0,1.413061043,0.9,0,0,0,0,0,0,0,0,275,SEQ,#REF!,QLD,SEQ,SEQ,SEQ,SEQ
N_4302,QLD,0,4.987894578,0.9,0,0,0,0,0,0,0,0,275,SEQ,#REF!,QLD,SEQ,SEQ,SEQ,SEQ
N_4334,QLD,0,0,0.9,0,0,0,0,0,0,0,0,275,SWQ,#REF!,QLD,SWQ,SWQ,SWQ,SWQ
N_4304,QLD,0,4.4289973,0.9,0,0,0,0,0,0,0,0,275,SEQ,#REF!,QLD,SEQ,SEQ,SEQ,SEQ
N_4353,QLD,0,0.453444962,0.9,0,0,0,0,0,0,0,0,275,CQ,#REF!,QLD,CQ,CQ,CQ,CQ
N_4371,QLD,0,5.50461093,0.9,0,0,0,0,0,0,0,0,275,CQ,#REF!,QLD,CQ,CQ,CQ,CQ
N_4330,QLD,0,0,0.9,0,0,0,0,0,0,0,0,275,SEQ,#REF!,QLD,SEQ,SEQ,SEQ,SEQ
N_4211,QLD,0,0,0.9,0,0,0,0,0,0,0,0,330,SWQ,#REF!,QLD,SWQ,SWQ,SWQ,SWQ
N_4311,QLD,0,4.427905876,0.9,0,0,0,0,0,0,0,0,275,SWQ,#REF!,QLD,SWQ,SWQ,SWQ,SWQ
N_4221,QLD,0,0,0.9,0,0,0,0,0,0,0,0,330,SWQ,#REF!,QLD,SWQ,SWQ,SWQ,SWQ
N_4301,QLD,0,3.7962834,0.9,0,0,0,0,0,0,0,0,275,SEQ,#REF!,QLD,SEQ,SEQ,SEQ,SEQ
N_4373,QLD,0,6.26386761,0.9,0,0,0,0,0,0,0,0,275,NQ,#REF!,QLD,NQ,NQ,NQ,NQ
N_4336,QLD,0,3.943916643,0.9,0,0,0,0,0,0,0,0,275,SEQ,#REF!,QLD,SEQ,SEQ,SEQ,SEQ
N_4355,QLD,0,0,0.9,0,0,0,0,0,0,0,0,275,CQ,#REF!,QLD,CQ,CQ,CQ,CQ
N_4309,QLD,0,3.965007107,0.9,0,0,0,0,0,0,0,0,275,SEQ,#REF!,QLD,SEQ,SEQ,SEQ,SEQ
N_4375,QLD,0,4.93516842,0.9,0,0,0,0,0,0,0,0,275,NQ,#REF!,QLD,NQ,NQ,NQ,NQ
N_4305,QLD,0,0,0.9,0,0,0,0,0,0,0,0,275,SEQ,#REF!,QLD,SEQ,SEQ,SEQ,SEQ
N_4331,QLD,0,12.82300171,0.9,0,0,0,0,0,0,0,0,275,SEQ,#REF!,QLD,SEQ,SEQ,SEQ,SEQ
N_4354,QLD,0,0,0.9,0,0,0,0,0,0,0,0,275,CQ,#REF!,QLD,CQ,CQ,CQ,CQ
N_4374,QLD,0,1.01234224,0.9,0,0,0,0,0,0,0,0,275,NQ,#REF!,QLD,NQ,NQ,NQ,NQ
N_4333,QLD,0,0.674894827,0.9,0,0,0,0,0,0,0,0,275,SWQ,#REF!,QLD,SWQ,SWQ,SWQ,SWQ
N_4338,QLD,0,1.275973032,0.9,0,0,0,0,0,0,0,0,275,SEQ,#REF!,QLD,SEQ,SEQ,SEQ,SEQ
N_4335,QLD,0,0,0.9,0,0,0,0,0,0,0,0,275,SWQ,#REF!,QLD,SWQ,SWQ,SWQ,SWQ
N_4337,QLD,0,2.161772492,0.9,0,0,0,0,0,0,0,0,275,SEQ,#REF!,QLD,SEQ,SEQ,SEQ,SEQ
N_4377,QLD,0,3.153024268,0.9,0,0,0,0,0,0,0,0,275,NQ,#REF!,QLD,NQ,NQ,NQ,NQ
N_4351,QLD,0,9.910075056,0.9,0,0,0,0,0,0,0,0,275,CQ,#REF!,QLD,CQ,CQ,CQ,CQ
N_4932,QLD,0,0.430139428,0.9,0,0,0,0,0,0,0,0,20,SWQ,#REF!,QLD,SWQ,SWQ,SWQ,SWQ
N_4942,QLD,0,0.269891406,0.9,0,0,0,0,0,0,0,0,20,SWQ,#REF!,QLD,SWQ,SWQ,SWQ,SWQ
N_4950,QLD,0,0.35423247,0.9,0,0,0,0,0,0,0,0,20,CQ,#REF!,QLD,CQ,CQ,CQ,CQ
N_4952,QLD,0,0.47230996,0.9,0,0,0,0,0,0,0,0,20,CQ,#REF!,QLD,CQ,CQ,CQ,CQ
N_4930,QLD,0,0.210852661,0.9,0,0,0,0,0,0,0,0,20,SEQ,#REF!,QLD,SEQ,SEQ,SEQ,SEQ
N_4911,QLD,0,0.126511596,0.9,0,0,0,0,0,0,0,0,20,SWQ,#REF!,QLD,SWQ,SWQ,SWQ,SWQ
N_4921,QLD,0,0.35423247,0.9,0,0,0,0,0,0,0,0,20,SWQ,#REF!,QLD,SWQ,SWQ,SWQ,SWQ
N_4975,QLD,0,0.286759619,0.9,0,0,0,0,0,0,0,0,20,NQ,#REF!,QLD,NQ,NQ,NQ,NQ
N_4976,QLD,0,0.071689905,0.9,0,0,0,0,0,0,0,0,20,NQ,#REF!,QLD,NQ,NQ,NQ,NQ
N_4905,QLD,0,0.162356549,0.9,0,0,0,0,0,0,0,0,20,SEQ,#REF!,QLD,SEQ,SEQ,SEQ,SEQ
N_4954,QLD,0,0.59038745,0.9,0,0,0,0,0,0,0,0,20,CQ,#REF!,QLD,CQ,CQ,CQ,CQ
N_4933,QLD,0,0.59038745,0.9,0,0,0,0,0,0,0,0,20,SWQ,#REF!,QLD,SWQ,SWQ,SWQ,SWQ
N_4934,QLD,0,0.193984448,0.9,0,0,0,0,0,0,0,0,20,SWQ,#REF!,QLD,SWQ,SWQ,SWQ,SWQ
N_4935,QLD,0,0.084341064,0.9,0,0,0,0,0,0,0,0,20,SWQ,#REF!,QLD,SWQ,SWQ,SWQ,SWQ
N_4936,QLD,0,0.328930151,0.9,0,0,0,0,0,0,0,0,20,SWQ,#REF!,QLD,SWQ,SWQ,SWQ,SWQ
N_4953,QLD,0,0,0.9,0,0,0,0,0,0,0,0,20,CQ,#REF!,QLD,CQ,CQ,CQ,CQ
N_2291,NSW,0,0.771294193,0.9,0,0,0,0,0,0,0,0,330,NNS,#REF!,NSW,NNS,NNS,NNS,NNS
N_2224,NSW,0,0,0.9,0,0,0,0,0,0,0,0,330,NCEN,#REF!,NSW,NCEN,NCEN,NCEN,NCEN
N_2116,NSW,0,0,0.9,0,0,0,0,0,0,0,0,500,NCEN,#REF!,NSW,NCEN,NCEN,NCEN,NCEN
N_2216,NSW,0,0,0.9,0,0,0,0,0,0,0,0,330,NCEN,#REF!,NSW,NCEN,NCEN,NCEN,NCEN
N_2185,NSW,0,0,0.9,0,0,0,0,0,0,0,0,500,NCEN,#REF!,NSW,NCEN,NCEN,NCEN,NCEN
N_2285,NSW,0,0,0.9,0,0,0,0,0,0,0,0,330,NCEN,#REF!,NSW,NCEN,NCEN,NCEN,NCEN
N_2238,NSW,0,2.932524798,0.9,0,0,0,0,0,0,0,0,330,NCEN,#REF!,NSW,NCEN,NCEN,NCEN,NCEN
N_2403,NSW,0,0.305303952,0.9,0,0,0,0,0,0,0,0,220,SWNSW,#REF!,NSW,SWNSW,SWNSW,SWNSW,SWNSW
N_2402,NSW,0,0,0.9,0,0,0,0,0,0,0,0,220,SWNSW,#REF!,NSW,SWNSW,SWNSW,SWNSW,SWNSW
N_2210,NSW,0,5.232990852,0.9,0,0,0,0,0,0,0,0,330,CAN,#REF!,NSW,CAN,CAN,CAN,CAN
N_2211,NSW,0,0,0.9,0,0,0,0,0,0,0,0,330,CAN,#REF!,NSW,CAN,CAN,CAN,CAN
N_2297,NSW,0,1.389936411,0.9,0,0,0,0,0,0,0,0,330,NNS,#REF!,NSW,NNS,NNS,NNS,NNS
N_2225,NSW,0,4.563490644,0.9,0,0,0,0,0,0,0,0,330,NCEN,#REF!,NSW,NCEN,NCEN,NCEN,NCEN
N_2215,NSW,0,1.677065651,0.9,0,0,0,0,0,0,0,0,330,SWNSW,#REF!,NSW,SWNSW,SWNSW,SWNSW,SWNSW
N_2415,NSW,0,0,0.9,0,0,0,0,0,0,0,0,220,SWNSW,#REF!,NSW,SWNSW,SWNSW,SWNSW,SWNSW
N_2261,NSW,0,0,0.9,0,0,0,0,0,0,0,0,330,NCEN,#REF!,NSW,NCEN,NCEN,NCEN,NCEN
N_2170,NSW,0,0,0.9,0,0,0,0,0,0,0,0,500,NNS,#REF!,NSW,NNS,NNS,NNS,NNS
N_2270,NSW,0,0,0.9,0,0,0,0,0,0,0,0,330,NNS,#REF!,NSW,NNS,NNS,NNS,NNS
N_2233,NSW,0,1.140872661,0.9,0,0,0,0,0,0,0,0,330,NCEN,#REF!,NSW,NCEN,NCEN,NCEN,NCEN
N_2212,NSW,0,0,0.9,0,0,0,0,0,0,0,0,330,CAN,#REF!,NSW,CAN,CAN,CAN,CAN
N_2260,NSW,0,3.607407217,0.9,0,0,0,0,0,0,0,0,330,NCEN,#REF!,NSW,NCEN,NCEN,NCEN,NCEN
N_2250,NSW,0,2.449295881,0.9,0,0,0,0,0,0,0,0,330,NCEN,#REF!,NSW,NCEN,NCEN,NCEN,NCEN
N_2213,NSW,0,1.518485443,0.9,0,0,0,0,0,0,0,0,330,SWNSW,#REF!,NSW,SWNSW,SWNSW,SWNSW,SWNSW
N_2219,NSW,0,0,0.9,0,0,0,0,0,0,0,0,330,NCEN,#REF!,NSW,NCEN,NCEN,NCEN,NCEN
N_2127,NSW,0,0,0.9,0,0,0,0,0,0,0,0,500,NCEN,#REF!,NSW,NCEN,NCEN,NCEN,NCEN
N_2227,NSW,0,0,0.9,0,0,0,0,0,0,0,0,330,NCEN,#REF!,NSW,NCEN,NCEN,NCEN,NCEN
N_2286,NSW,0,0.208892177,0.9,0,0,0,0,0,0,0,0,330,NCEN,#REF!,NSW,NCEN,NCEN,NCEN,NCEN
N_2293,NSW,0,1.173009919,0.9,0,0,0,0,0,0,0,0,330,NNS,#REF!,NSW,NNS,NNS,NNS,NNS
N_2239,NSW,0,2.948593427,0.9,0,0,0,0,0,0,0,0,330,NCEN,#REF!,NSW,NCEN,NCEN,NCEN,NCEN
N_2203,NSW,0,0,0.9,0,0,0,0,0,0,0,0,330,SWNSW,#REF!,NSW,SWNSW,SWNSW,SWNSW,SWNSW
N_2255,NSW,0,2.530809072,0.9,0,0,0,0,0,0,0,0,330,NCEN,#REF!,NSW,NCEN,NCEN,NCEN,NCEN
N_2222,NSW,0,0.835568709,0.9,0,0,0,0,0,0,0,0,330,CAN,#REF!,NSW,CAN,CAN,CAN,CAN
N_2201,NSW,0,0.015600611,0.9,0,0,0,0,0,0,0,0,330,SWNSW,#REF!,NSW,SWNSW,SWNSW,SWNSW,SWNSW
N_2153,NSW,0,0,0.9,0,0,0,0,0,0,0,0,500,NCEN,#REF!,NSW,NCEN,NCEN,NCEN,NCEN
N_2253,NSW,0,1.855926653,0.9,0,0,0,0,0,0,0,0,330,NCEN,#REF!,NSW,NCEN,NCEN,NCEN,NCEN
N_2262,NSW,0,0.899843226,0.9,0,0,0,0,0,0,0,0,330,NCEN,#REF!,NSW,NCEN,NCEN,NCEN,NCEN
N_2289,NSW,0,1.831823709,0.9,0,0,0,0,0,0,0,0,330,NCEN,#REF!,NSW,NCEN,NCEN,NCEN,NCEN
N_2274,NSW,0,3.406549354,0.9,0,0,0,0,0,0,0,0,330,NCEN,#REF!,NSW,NCEN,NCEN,NCEN,NCEN
N_2259,NSW,0,2.121059032,0.9,0,0,0,0,0,0,0,0,330,NCEN,#REF!,NSW,NCEN,NCEN,NCEN,NCEN
N_2251,NSW,0,2.238687636,0.9,0,0,0,0,0,0,0,0,330,NCEN,#REF!,NSW,NCEN,NCEN,NCEN,NCEN
N_2242,NSW,0,3.944848426,0.9,0,0,0,0,0,0,0,0,330,NCEN,#REF!,NSW,NCEN,NCEN,NCEN,NCEN
N_2243,NSW,0,6.5318977,0.9,0,0,0,0,0,0,0,0,330,NCEN,#REF!,NSW,NCEN,NCEN,NCEN,NCEN
N_2231,NSW,0,8.371755723,0.9,0,0,0,0,0,0,0,0,330,NCEN,#REF!,NSW,NCEN,NCEN,NCEN,NCEN
N_2237,NSW,0,8.893986167,0.9,0,0,0,0,0,0,0,0,330,NCEN,#REF!,NSW,NCEN,NCEN,NCEN,NCEN
N_2290,NSW,0,1.381902096,0.9,0,0,0,0,0,0,0,0,330,NNS,#REF!,NSW,NNS,NNS,NNS,NNS
N_2276,NSW,0,8.377527949,0.9,0,0,0,0,0,0,0,0,330,NCEN,#REF!,NSW,NCEN,NCEN,NCEN,NCEN
N_2248,NSW,0,1.446176612,0.9,0,0,0,0,0,0,0,0,330,NCEN,#REF!,NSW,NCEN,NCEN,NCEN,NCEN
N_2202,NSW,0,0,0.9,0,0,0,0,0,0,0,0,330,SWNSW,#REF!,NSW,SWNSW,SWNSW,SWNSW,SWNSW
N_2266,NSW,0,0.787362822,0.9,0,0,0,0,0,0,0,0,330,NCEN,#REF!,NSW,NCEN,NCEN,NCEN,NCEN
N_2236,NSW,0,3.535098386,0.9,0,0,0,0,0,0,0,0,330,NCEN,#REF!,NSW,NCEN,NCEN,NCEN,NCEN
N_2214,NSW,0,1.703274677,0.9,0,0,0,0,0,0,0,0,330,SWNSW,#REF!,NSW,SWNSW,SWNSW,SWNSW,SWNSW
N_2252,NSW,0,1.132838346,0.9,0,0,0,0,0,0,0,0,330,NCEN,#REF!,NSW,NCEN,NCEN,NCEN,NCEN
N_2275,NSW,0,1.598757954,0.9,0,0,0,0,0,0,0,0,330,NCEN,#REF!,NSW,NCEN,NCEN,NCEN,NCEN
N_2257,NSW,0,2.900387539,0.9,0,0,0,0,0,0,0,0,330,NCEN,#REF!,NSW,NCEN,NCEN,NCEN,NCEN
N_2195,NSW,0,0,0.9,0,0,0,0,0,0,0,0,500,NCEN,#REF!,NSW,NCEN,NCEN,NCEN,NCEN
N_2295,NSW,0,0,0.9,0,0,0,0,0,0,0,0,330,NCEN,#REF!,NSW,NCEN,NCEN,NCEN,NCEN
N_2209,NSW,0,0.65522565,0.9,0,0,0,0,0,0,0,0,330,CAN,#REF!,NSW,CAN,CAN,CAN,CAN
N_2984,NSW,0,0.823712245,0.9,0,0,0,0,0,0,0,0,20,NCEN,#REF!,NSW,NCEN,NCEN,NCEN,NCEN
N_2985,NSW,0,0,0.9,0,0,0,0,0,0,0,0,20,NCEN,#REF!,NSW,NCEN,NCEN,NCEN,NCEN
N_2986,NSW,0,0.312012214,0.9,0,0,0,0,0,0,0,0,20,NCEN,#REF!,NSW,NCEN,NCEN,NCEN,NCEN
N_2953,NSW,0,0.4368171,0.9,0,0,0,0,0,0,0,0,20,NCEN,#REF!,NSW,NCEN,NCEN,NCEN,NCEN
N_2952,NSW,0,0,0.9,0,0,0,0,0,0,0,0,20,CAN,#REF!,NSW,CAN,CAN,CAN,CAN
N_2971,NSW,0,0,0.9,0,0,0,0,0,0,0,0,20,NCEN,#REF!,NSW,NCEN,NCEN,NCEN,NCEN
N_2970,NSW,0,0.8736342,0.9,0,0,0,0,0,0,0,0,20,NCEN,#REF!,NSW,NCEN,NCEN,NCEN,NCEN
N_2966,NSW,0,0.411856123,0.9,0,0,0,0,0,0,0,0,20,NCEN,#REF!,NSW,NCEN,NCEN,NCEN,NCEN
N_2962,NSW,0,0.225896843,0.9,0,0,0,0,0,0,0,0,20,NCEN,#REF!,NSW,NCEN,NCEN,NCEN,NCEN
N_2901,NSW,0,0,0.9,0,0,0,0,0,0,0,0,20,NVIC,#REF!,NSW,NVIC,NVIC,NVIC,NVIC
N_2902,NSW,0,0,0.9,0,0,0,0,0,0,0,0,20,CAN,#REF!,NSW,CAN,CAN,CAN,CAN
N_2903,NSW,0,0,0.9,0,0,0,0,0,0,0,0,20,SWNSW,#REF!,NSW,SWNSW,SWNSW,SWNSW,SWNSW
N_2904,NSW,0,0,0.9,0,0,0,0,0,0,0,0,20,CAN,#REF!,NSW,CAN,CAN,CAN,CAN
N_2905,NSW,0,0,0.9,0,0,0,0,0,0,0,0,20,SWNSW,#REF!,NSW,SWNSW,SWNSW,SWNSW,SWNSW
N_2914,NSW,0,0,0.9,0,0,0,0,0,0,0,0,20,SWNSW,#REF!,NSW,SWNSW,SWNSW,SWNSW,SWNSW
N_2919,NSW,0,0,0.9,0,0,0,0,0,0,0,0,20,NCEN,#REF!,NSW,NCEN,NCEN,NCEN,NCEN
N_2925,NSW,0,0,0.9,0,0,0,0,0,0,0,0,20,NCEN,#REF!,NSW,NCEN,NCEN,NCEN,NCEN
N_3406,VIC,0,2.266229656,0.9,0,0,0,0,0,0,0,0,220,CVIC,#REF!,VIC,CVIC,CVIC,CVIC,CVIC
N_3411,VIC,0,3.466933789,0.9,0,0,0,0,0,0,0,0,220,CVIC,#REF!,VIC,CVIC,CVIC,CVIC,CVIC
N_3428,VIC,0,1.097332254,0.9,0,0,0,0,0,0,0,0,220,MEL,#REF!,VIC,MEL,MEL,MEL,MEL
N_3117,VIC,0,0,0.9,0,0,0,0,0,0,0,0,500,MEL,#REF!,VIC,MEL,MEL,MEL,MEL
N_3417,VIC,0,11.86391104,0.9,0,0,0,0,0,0,0,0,220,MEL,#REF!,VIC,MEL,MEL,MEL,MEL
N_3201,VIC,0,0,0.9,0,0,0,0,0,0,0,0,330,NVIC,#REF!,VIC,NVIC,NVIC,NVIC,NVIC
N_3401,VIC,0,0,0.9,0,0,0,0,0,0,0,0,220,NVIC,#REF!,VIC,NVIC,NVIC,NVIC,NVIC
N_3421,VIC,0,0,0.9,0,0,0,0,0,0,0,0,220,NVIC,#REF!,VIC,NVIC,NVIC,NVIC,NVIC
N_3468,VIC,0,0,0.9,0,0,0,0,0,0,0,0,220,MEL,#REF!,VIC,MEL,MEL,MEL,MEL
N_3470,VIC,0,0,0.9,0,0,0,0,0,0,0,0,220,CVIC,#REF!,VIC,CVIC,CVIC,CVIC,CVIC
N_3420,VIC,0,6.313636304,0.9,0,0,0,0,0,0,0,0,220,CVIC,#REF!,VIC,CVIC,CVIC,CVIC,CVIC
N_3404,VIC,0,1.35178611,0.9,0,0,0,0,0,0,0,0,220,NVIC,#REF!,VIC,NVIC,NVIC,NVIC,NVIC
N_3118,VIC,0,0,0.9,0,0,0,0,0,0,0,0,500,LV,#REF!,VIC,LV,LV,LV,LV
N_3418,VIC,0,0,0.9,0,0,0,0,0,0,0,0,220,LV,#REF!,VIC,LV,LV,LV,LV
N_3114,VIC,0,9.949145773,0.9,0,0,0,0,0,0,0,0,500,MEL,#REF!,VIC,MEL,MEL,MEL,MEL
N_3314,VIC,0,0,0.9,0,0,0,0,0,0,0,0,275,MEL,#REF!,VIC,MEL,MEL,MEL,MEL
N_3410,VIC,0,1.103693601,0.9,0,0,0,0,0,0,0,0,220,CVIC,#REF!,VIC,CVIC,CVIC,CVIC,CVIC
N_3115,VIC,0,0,0.9,0,0,0,0,0,0,0,0,500,MEL,#REF!,VIC,MEL,MEL,MEL,MEL
N_3415,VIC,0,13.12981897,0.9,0,0,0,0,0,0,0,0,220,MEL,#REF!,VIC,MEL,MEL,MEL,MEL
N_3407,VIC,0,1.001912058,0.9,0,0,0,0,0,0,0,0,220,CVIC,#REF!,VIC,CVIC,CVIC,CVIC,CVIC
N_3119,VIC,0,0,0.9,0,0,0,0,0,0,0,0,500,LV,#REF!,VIC,LV,LV,LV,LV
N_3112,VIC,0,0,0.9,0,0,0,0,0,0,0,0,500,CVIC,#REF!,VIC,CVIC,CVIC,CVIC,CVIC
N_3412,VIC,0,0,0.9,0,0,0,0,0,0,0,0,220,CVIC,#REF!,VIC,CVIC,CVIC,CVIC,CVIC
N_3422,VIC,0,0,0.9,0,0,0,0,0,0,0,0,220,NVIC,#REF!,VIC,NVIC,NVIC,NVIC,NVIC
N_3130,VIC,0,3.676470588,0.9,0,0,0,0,0,0,0,0,500,MEL,#REF!,VIC,MEL,MEL,MEL,MEL
N_3409,VIC,0,2.576345293,0.9,0,0,0,0,0,0,0,0,220,CVIC,#REF!,VIC,CVIC,CVIC,CVIC,CVIC
N_3426,VIC,0,7.633615683,0.9,0,0,0,0,0,0,0,0,220,MEL,#REF!,VIC,MEL,MEL,MEL,MEL
N_3427,VIC,0,7.315548363,0.9,0,0,0,0,0,0,0,0,220,MEL,#REF!,VIC,MEL,MEL,MEL,MEL
N_3116,VIC,0,0,0.9,0,0,0,0,0,0,0,0,500,MEL,#REF!,VIC,MEL,MEL,MEL,MEL
N_3416,VIC,0,4.771009802,0.9,0,0,0,0,0,0,0,0,220,MEL,#REF!,VIC,MEL,MEL,MEL,MEL
N_3405,VIC,0,4.198488626,0.9,0,0,0,0,0,0,0,0,220,NVIC,#REF!,VIC,NVIC,NVIC,NVIC,NVIC
N_3102,VIC,0,0,0.9,0,0,0,0,0,0,0,0,500,MEL,#REF!,VIC,MEL,MEL,MEL,MEL
N_3202,VIC,0,0,0.9,0,0,0,0,0,0,0,0,330,MEL,#REF!,VIC,MEL,MEL,MEL,MEL
N_3402,VIC,0,2.798992417,0.9,0,0,0,0,0,0,0,0,220,MEL,#REF!,VIC,MEL,MEL,MEL,MEL
N_3113,VIC,0,0,0.9,0,0,0,0,0,0,0,0,500,MEL,#REF!,VIC,MEL,MEL,MEL,MEL
N_3425,VIC,0,3.816807841,0.9,0,0,0,0,0,0,0,0,220,MEL,#REF!,VIC,MEL,MEL,MEL,MEL
N_3423,VIC,0,2.162857777,0.9,0,0,0,0,0,0,0,0,220,CVIC,#REF!,VIC,CVIC,CVIC,CVIC,CVIC
N_3424,VIC,0,4.802816534,0.9,0,0,0,0,0,0,0,0,220,MEL,#REF!,VIC,MEL,MEL,MEL,MEL
N_3471,VIC,0,0,0.9,0,0,0,0,0,0,0,0,220,CVIC,#REF!,VIC,CVIC,CVIC,CVIC,CVIC
N_3408,VIC,0,0.47710098,0.9,0,0,0,0,0,0,0,0,220,CVIC,#REF!,VIC,CVIC,CVIC,CVIC,CVIC
N_3203,VIC,0,1.081428888,0.9,0,0,0,0,0,0,0,0,330,NVIC,#REF!,VIC,NVIC,NVIC,NVIC,NVIC
N_3429,VIC,0,0,0.9,0,0,0,0,0,0,0,0,220,LV,#REF!,VIC,LV,LV,LV,LV
N_3906,VIC,0,0.090196078,0.9,0,0,0,0,0,0,0,0,20,CVIC,#REF!,VIC,CVIC,CVIC,CVIC,CVIC
N_3921,VIC,0,0,0.9,0,0,0,0,0,0,0,0,20,NVIC,#REF!,VIC,NVIC,NVIC,NVIC,NVIC
N_3918,VIC,0,0.784313725,0.9,0,0,0,0,0,0,0,0,20,LV,#REF!,VIC,LV,LV,LV,LV
N_3986,VIC,0,0,0.9,0,0,0,0,0,0,0,0,20,LV,#REF!,VIC,LV,LV,LV,LV
N_3914,VIC,0,0,0.9,0,0,0,0,0,0,0,0,20,MEL,#REF!,VIC,MEL,MEL,MEL,MEL
N_3915,VIC,0,0,0.9,0,0,0,0,0,0,0,0,20,MEL,#REF!,VIC,MEL,MEL,MEL,MEL
N_3985,VIC,0,0,0.9,0,0,0,0,0,0,0,0,20,MEL,#REF!,VIC,MEL,MEL,MEL,MEL
N_3980,VIC,0,1.068627451,0.9,0,0,0,0,0,0,0,0,20,LV,#REF!,VIC,LV,LV,LV,LV
N_3981,VIC,0,0.490196078,0.9,0,0,0,0,0,0,0,0,20,LV,#REF!,VIC,LV,LV,LV,LV
N_3982,VIC,0,0,0.9,0,0,0,0,0,0,0,0,20,LV,#REF!,VIC,LV,LV,LV,LV
N_3912,VIC,0,0,0.9,0,0,0,0,0,0,0,0,20,CVIC,#REF!,VIC,CVIC,CVIC,CVIC,CVIC
N_3902,VIC,0,0,0.9,0,0,0,0,0,0,0,0,20,MEL,#REF!,VIC,MEL,MEL,MEL,MEL
N_3923,VIC,0,0,0.9,0,0,0,0,0,0,0,0,20,CVIC,#REF!,VIC,CVIC,CVIC,CVIC,CVIC
N_3929,VIC,0,0.710784314,0.9,0,0,0,0,0,0,0,0,20,LV,#REF!,VIC,LV,LV,LV,LV
N_3903,VIC,0,0.0,0.9,0,0,0,0,0,0,0,0,20,MEL,#REF!,VIC,MEL,MEL,MEL,MEL
N_3922,VIC,0,0.0,0.9,0,0,0,0,0,0,0,0,20,NVIC,#REF!,VIC,NVIC,NVIC,NVIC,NVIC
N_5320,SA,0,0,0.9,0,0,0,0,0,0,0,0,275,NSA,#REF!,SA,NSA,NSA,NSA,NSA
N_5325,SA,0,0,0.9,0,0,0,0,0,0,0,0,275,NSA,#REF!,SA,NSA,NSA,NSA,NSA
N_5314,SA,0,2.943931069,0.9,0,0,0,0,0,0,0,0,275,NSA,#REF!,SA,NSA,NSA,NSA,NSA
N_5326,SA,0,0,0.9,0,0,0,0,0,0,0,0,275,NSA,#REF!,SA,NSA,NSA,NSA,NSA
N_5345,SA,0,0,0.9,0,0,0,0,0,0,0,0,275,NSA,#REF!,SA,NSA,NSA,NSA,NSA
N_5304,SA,0,0.574425574,0.9,0,0,0,0,0,0,0,0,275,ADE,#REF!,SA,ADE,ADE,ADE,ADE
N_5328,SA,0,0,0.9,0,0,0,0,0,0,0,0,275,ADE,#REF!,SA,ADE,ADE,ADE,ADE
N_5366,SA,0,2.728521479,0.9,0,0,0,0,0,0,0,0,275,NSA,#REF!,SA,NSA,NSA,NSA,NSA
N_5365,SA,0,6.009615385,0.9,0,0,0,0,0,0,0,0,275,NSA,#REF!,SA,NSA,NSA,NSA,NSA
N_5305,SA,0,3.446553447,0.9,0,0,0,0,0,0,0,0,275,ADE,#REF!,SA,ADE,ADE,ADE,ADE
N_5313,SA,0,13.71441059,0.9,0,0,0,0,0,0,0,0,275,ADE,#REF!,SA,ADE,ADE,ADE,ADE
N_5306,SA,0,12.20654346,0.9,0,0,0,0,0,0,0,0,275,ADE,#REF!,SA,ADE,ADE,ADE,ADE
N_5317,SA,0,0,0.9,0,0,0,0,0,0,0,0,275,ADE,#REF!,SA,ADE,ADE,ADE,ADE
N_5307,SA,0,6.893106893,0.9,0,0,0,0,0,0,0,0,275,ADE,#REF!,SA,ADE,ADE,ADE,ADE
N_5308,SA,0,7.144418082,0.9,0,0,0,0,0,0,0,0,275,ADE,#REF!,SA,ADE,ADE,ADE,ADE
N_5329,SA,0,0,0.9,0,0,0,0,0,0,0,0,275,ADE,#REF!,SA,ADE,ADE,ADE,ADE
N_5309,SA,0,11.2012987,0.9,0,0,0,0,0,0,0,0,275,ADE,#REF!,SA,ADE,ADE,ADE,ADE
N_5330,SA,0,3.231143856,0.9,0,0,0,0,0,0,0,0,275,NSA,#REF!,SA,NSA,NSA,NSA,NSA
N_5340,SA,0,8.54458042,0.9,0,0,0,0,0,0,0,0,275,ADE,#REF!,SA,ADE,ADE,ADE,ADE
N_5310,SA,0,6.031468531,0.9,0,0,0,0,0,0,0,0,275,ADE,#REF!,SA,ADE,ADE,ADE,ADE
N_5311,SA,0,0,0.9,0,0,0,0,0,0,0,0,275,ADE,#REF!,SA,ADE,ADE,ADE,ADE
N_5318,SA,0,4.774912587,0.9,0,0,0,0,0,0,0,0,275,NSA,#REF!,SA,NSA,NSA,NSA,NSA
N_5301,SA,0,7.790646853,0.9,0,0,0,0,0,0,0,0,275,SESA,#REF!,SA,SESA,SESA,SESA,SESA
N_5302,SA,0,2.764423077,0.9,0,0,0,0,0,0,0,0,275,SESA,#REF!,SA,SESA,SESA,SESA,SESA
N_5370,SA,0,0,0.9,0,0,0,0,0,0,0,0,275,NSA,#REF!,SA,NSA,NSA,NSA,NSA
N_5312,SA,0,0,0.9,0,0,0,0,0,0,0,0,275,ADE,#REF!,SA,ADE,ADE,ADE,ADE
N_5303,SA,0,0,0.9,0,0,0,0,0,0,0,0,275,ADE,#REF!,SA,ADE,ADE,ADE,ADE
N_5945,SA,0,0,0.9,0,0,0,0,0,0,0,0,20,NSA,#REF!,SA,NSA,NSA,NSA,NSA
N_5906,SA,0,0,0.9,0,0,0,0,0,0,0,0,20,ADE,#REF!,SA,ADE,ADE,ADE,ADE
N_5911,SA,0,0,0.9,0,0,0,0,0,0,0,0,20,ADE,#REF!,SA,ADE,ADE,ADE,ADE
N_5914,SA,0,0,0.9,0,0,0,0,0,0,0,0,20,ADE,#REF!,SA,ADE,ADE,ADE,ADE
N_5918,SA,0,0,0.9,0,0,0,0,0,0,0,0,20,NSA,#REF!,SA,NSA,NSA,NSA,NSA
N_5901,SA,0,0,0.9,0,0,0,0,0,0,0,0,20,SESA,#REF!,SA,SESA,SESA,SESA,SESA
N_5902,SA,0,0,0.9,0,0,0,0,0,0,0,0,20,SESA,#REF!,SA,SESA,SESA,SESA,SESA
N_5970,SA,0,0,0.9,0,0,0,0,0,0,0,0,20,SESA,#REF!,SA,SESA,SESA,SESA,SESA
N_5912,SA,0,0,0.9,0,0,0,0,0,0,0,0,20,ADE,#REF!,SA,ADE,ADE,ADE,ADE
N_5913,SA,0,0,0.9,0,0,0,0,0,0,0,0,20,ADE,#REF!,SA,ADE,ADE,ADE,ADE
N_5951,SA,0,0,0.9,0,0,0,0,0,0,0,0,20,NSA,#REF!,SA,NSA,NSA,NSA,NSA
N_5952,SA,0,0,0.9,0,0,0,0,0,0,0,0,20,NSA,#REF!,SA,NSA,NSA,NSA,NSA
N_5953,SA,0,0,0.9,0,0,0,0,0,0,0,0,20,NSA,#REF!,SA,NSA,NSA,NSA,NSA
,,,,,,,,END OF DATA,,,,,,,,,,,,